<?xml version="1.0" encoding="UTF-8" standalone="yes"?>
<addon id="plugin.program.brstore" name="[B]BR REPO[/B]" version="1.0" provider-name="Joel">
	<requires>
        <import addon="script.module.simplejson" />
        <import addon="script.module.six" />
        <import addon="script.module.kodi-six" />
		<import addon="script.module.requests"/>
		<import addon="script.module.beautifulsoup4"/>		
	</requires>
	<extension point="xbmc.python.pluginsource" library="default.py">
		<provides>executable</provides>
	</extension>
	<extension point="xbmc.addon.repository" name="[B]BR REPO[/B]">
		<dir>
    		<info compressed="false">https://github.com/Gujal00/smrzips/raw/master/addons.xml</info>
    		<checksum>https://github.com/Gujal00/smrzips/raw/master/addons.xml.md5</checksum>
    		<datadir zip="true">https://github.com/Gujal00/smrzips/raw/master/zips</datadir>
			<hashes>false</hashes>
		</dir>
		<dir>
    		<info compressed="false">https://bitbucket.org/zoreu123/br.repo/raw/master/geral/addons.xml</info>
    		<checksum>https://bitbucket.org/zoreu123/br.repo/raw/master/geral/addons.xml.md5</checksum>
    		<datadir zip="true">https://bitbucket.org/zoreu123/br.repo/raw/master/geral</datadir>
			<hashes>false</hashes>
		</dir>
  		<dir minversion="17.0.0" maxversion="18.9.0">
			<info compressed="false">https://bitbucket.org/zoreu123/br.repo/raw/master/leia/addons.xml</info>
			<checksum>https://bitbucket.org/zoreu123/br.repo/raw/master/leia/addons.xml.md5</checksum>
			<datadir zip="true">https://bitbucket.org/zoreu123/br.repo/raw/master/leia</datadir>
			<hashes>false</hashes>
    	</dir>
  		<dir minversion="18.9.1">
			<info compressed="false">https://bitbucket.org/zoreu123/br.repo/raw/master/matrix/addons.xml</info>
			<checksum>https://bitbucket.org/zoreu123/br.repo/raw/master/matrix/addons.xml.md5</checksum>
			<datadir zip="true">https://bitbucket.org/zoreu123/br.repo/raw/master/matrix</datadir>
			<hashes>false</hashes>
    	</dir>		
	</extension>
	<extension point="xbmc.addon.metadata">
		<summary lang="en">Br repo</summary>
		<description lang="en">.</description>
		<platform>all</platform>
		<assets>
			<icon>icon.png</icon>
			<fanart>fanart.jpg</fanart>
		</assets>
	</extension>
</addon>